# SRC_PATH	DEST_PATH	SIZE	SHA256	VERIFY
PHASE-REORG-1C-COMMIT-1-FINAL-REPORT.md	docs/prompts/REORG-1C-PUSH-1.prompt.md	1953	28f537083ed2f0ef8da9c00de47851ef1d875024383e2f9d9eaa1eac55a47095	OK
PHASE-REORG-1C-IMPLEMENTATION-1-COMMIT-READINESS-AUDIT.md	docs/prompts/REORG-1C-COMMIT-1.prompt.md	3314	c3823a18bffc5773fcae1b0deb186799e66289c3f678a3af9c471c3adc099bf7	OK
PHASE-REORG-1C-PUSH-1-FINAL-REPORT.md	docs/prompts/REORG-1D.prompt.md	2736	0493352eb68ae80f787b3483240b73b890624a00b19822ba34a8aafa22abc352	OK
PHASE-REORG-1D-DESIGN-1-FINAL-REPORT.md	docs/prompts/REORG-1F-DESIGN-1.prompt.md	4468	5322908bac2e90ea66f0f17b062ca1f2c3322edf1440a7ee7e3be4af2b43805a	OK
PHASE-REORG-1F-DESIGN-1-FINAL-REPORT.md	docs/prompts/REORG-1F-PRE-IMPLEMENTATION-GATE-1.prompt.md	10027	1ffe3914e7c52381516dd9f44dff2d965a571856338373db1356b19007a627c4	OK
PHASE-REORG-1F-PRE-IMPLEMENTATION-GATE-1-FINAL-REPORT.md	docs/prompts/REORG-1F-IMPLEMENTATION-1.prompt.md	12551	21acd5f935c6606179f3645a3b1769857fca2e8c92050557989c21c9d7556114	OK
PHASE-REORG-1F-COMMIT-READINESS-AUDIT-1-FINAL-REPORT.md	docs/prompts/REORG-1F-REMEDIATION-1.prompt.md	8602	3d9379bebe13609e02bf539c663b5a8ee890142e835e5c6d877a6f6916adbc59	OK
PHASE-REORG-1F-COMMIT-READINESS-AUDIT-2-FINAL-REPORT.md	docs/prompts/REORG-1F-COMMIT-1.prompt.md	6604	30b762cbd95ae871f189f05d3c92100e7b992a974ff8aa4ce5b62367a30408d1	OK
PHASE-REORG-1F-COMMIT-1-FINAL-REPORT.md	docs/prompts/REORG-1G.prompt.md	8269	76537bc05d989a0ed520da59bf54d92f6ae319b9a75bc3e638e400bff73d6c8d	OK
PHASE-REORG-1G-FINAL-GAP-AUDIT-REPORT.md	docs/prompts/REORG-1H.prompt.md	9315	f23c2c38e4fce745498cdbe3892de777b252088fcbc4ce2b08e6518d81fc0b79	OK
PHASE-REORG-1J-IMPLEMENTATION-1-CONTRACT-CONFLICT-REPORT.md	docs/prompts/REORG-G08.prompt.md	4582	cfffd22d1d57d74078b9a2d48fcc2b75f8003ccee746b6c70d796c8ad9d9c334	OK
PHASE-REORG-1J-G08-CONTRACT-EXCEPTION-FINAL-REPORT.md	docs/prompts/REORG-G09.prompt.md	7083	0f937bf3ba30dca9fe699e95cd6d455b3adb3ab22c5636f282cb2304a5a24307	OK
PHASE-REORG-1J-R3-LEGACY-PREFIX-CRASH-MATRIX-FINAL-REPORT.md	docs/prompts/REORG-R4A-PRE-GATE.prompt.md	4392	af6bace6647c93d43f7e53b94fb4991848c86ac63ba1c82a1404a2afcfed6102	OK
PHASE-REORG-1J-R4A-PRE-GATE-FINAL-REPORT.md	docs/prompts/REORG-R4A-IMPLEMENTATION-1.prompt.md	8623	ed7bb754e5db8c3f6c335edeaf2a021db99d9eb3a9e5fb831049250e4aca1785	OK
docs/PHASE-REORG-1J-R4A-FINAL-REPORT.md	docs/prompts/REORG-R4B-PRE-GATE.prompt.md	8061	4336f819222ceb2684b62edad537da239e6584b7665f3f3f4490b3105934f7c0	OK
../PHASE-REORG-1A-FINAL-REPORT.md	docs/prompts/DIFFICULTY-CONSENSUS-DESIGN-1.prompt.md	8770	4d2e8bb7bc31add61ebf1747886711cc86f11460d99e5ec03ce865d9594ca479	OK
../PHASE-REORG-1B-COMMIT-EXECUTION-2-COMMITS-FINAL-REPORT.md	docs/prompts/REORG-1C-PRE-IMPLEMENTATION-GATE-1.prompt.md	11344	1c4869a89666d90dd6f459d0c57da661da10daea2ed41a944c40951a47cff28d	OK
../PHASE-REORG-1C-COMMIT-MODEL-DESIGN-1-FINAL-REPORT.md	docs/prompts/REORG-1C-IMPLEMENTATION-1.prompt.md	7048	58dc1eb0ebe0be11a571a64053d2817c10c66e059a8ac443d1a81e962409cefc	OK
../PHASE-REORG-1C-PRE-GATE-1-FINAL-REPORT.md	docs/prompts/REORG-1C-COMMIT-MODEL-DESIGN-1.prompt.md	7425	f290bec9f82f5c9c6ffa0ae03fd15542fd3787f7fc5e531247a79be9bdeeb9ac	OK
../PHASE-REORG-1C-PRE-IMPLEMENTATION-GATE-1-FINAL-REPORT.md	docs/prompts/REORG-INFRASTRUCTURE-IMPLEMENTATION-2-1D.prompt.md	9953	da160e318532526b7d6e1c3bec8e05c657dc8f83a23db337695ff843adea7274	OK
../PHASE-REORG-1E-COMMIT-1-FINAL-REPORT.md	docs/prompts/REORG-1E-PUSH-1.prompt.md	3227	f719bfe3a22166e302d4a613b8251001f8e2b4ae185b076da25ee4f24c0f5ea2	OK
../PHASE-REORG-1E-IMPLEMENTATION-1-FINAL-REPORT.md	docs/prompts/REORG-1E-COMMIT-1.prompt.md	2185	b70b8a48dfc94e134044b4b412ac90a25aaa3eda96276a5f439c7dbf1972fd89	OK
../PHASE-REORG-1E-PUSH-1-FINAL-REPORT.md	docs/prompts/REORG-1C-PRE-GATE-1.prompt.md	8981	66a0708b001d4d8f3ef4ecfb4020ff00975082e559480bad411f7f1c2320febc	OK
../PHASE-REORG-INFRASTRUCTURE-PRE-IMPLEMENTATION-GATE-1-REPORT.md	docs/prompts/REORG-1A.prompt.md	8758	8d014678d0c4ea59488149c3e9397396998c9881c4c43c73109bfc168c677785	OK
../PHASE-REORG-1I-LEGACY-V2-CANONICAL-REORG-STORAGE-AUDIT-FINAL-REPORT.md	docs/prompts/REORG-1J.prompt.md	12020	e4cf2dd08a849fcc21facf056ffba42465ebef007e00d0d4faa110a28c086af3	OK-DUPLICATE-SRC-MOVED-TO-reference-only
